StudentID,Name,Gender,Age,MathScore,EnglishScore,TotalScore
1,Alice,0,15,0.5,0.5976143046671968,0.6228410989030497
2,Bob,1,16,0.0,1.1952286093343936,0.8304547985373997
3,Charlie,1,15,-0.5,0.0,-0.20761369963434992
4,Diana,0,16,1.5,0.0,0.6228410989030497
5,Eve,0,15,-1.5,-1.7928429140015905,-1.8685232967091492
